username,password_hash
user1,0a041b9462caa4a31bac3567e0b6e6fd9100787db2ab433d96f6d178cabfce90
user2,6025d18fe48abd45168528f18a82e265dd98d421a7084aa09f61b341703901a3
user3,5860faf02b6bc6222ba5aca523560f0e364ccd8b67bee486fe8bf7c01d492ccb
user4,5269ef980de47819ba3d14340f4665262c41e933dc92c1a27dd5d01b047ac80e
user5,5a39bead318f306939acb1d016647be2e38c6501c58367fdb3e9f52542aa2442
user6,ecb48a1cc94f951252ec462fe9ecc55c3ef123fadfe935661396c26a45a5809d
user7,3268151e52d97b4cacf97f5b46a5c76c8416e928e137e3b3dc447696a29afbaa
user8,f60afa4989a7db13314a2ab9881372634b5402c30ba7257448b13fa388de1b78
user9,0fb8d3c5dfaf81a387bf0ba439ab40e6343d2155fb4ddf6978a52d9b9ea8d0f8
user10,5bbf1a9e0de062225a1bb7df8d8b3719591527b74950810f16b1a6bc6d7bd29b
